name,public_url
.emptyFolderPlaceholder,https://yahvtknxmmanxaepxzry.supabase.co/storage/v1/object/public/music/.emptyFolderPlaceholder
004. HUMEIN TUMSE PYAR KITNA - KUDRAT.mp3,https://yahvtknxmmanxaepxzry.supabase.co/storage/v1/object/public/music/004. HUMEIN TUMSE PYAR KITNA - KUDRAT.mp3
007  RANG - DIL CHEER KE - ALKA.mp3,https://yahvtknxmmanxaepxzry.supabase.co/storage/v1/object/public/music/007  RANG - DIL CHEER KE - ALKA.mp3
01  Yeh Teri Aankehin Jhuki - www.downloadming.com.mp3,https://yahvtknxmmanxaepxzry.supabase.co/storage/v1/object/public/music/01  Yeh Teri Aankehin Jhuki - www.downloadming.com.mp3
01 -  Churake Dil Mera - DownloadMing.SE.mp3,https://yahvtknxmmanxaepxzry.supabase.co/storage/v1/object/public/music/01 -  Churake Dil Mera - DownloadMing.SE.mp3
01 Tera Surroor.mp3,https://yahvtknxmmanxaepxzry.supabase.co/storage/v1/object/public/music/01 Tera Surroor.mp3
01 Tu Rootha To Main - Asha Bhosle & Amit Kumar - www.downloadming.com.mp3,https://yahvtknxmmanxaepxzry.supabase.co/storage/v1/object/public/music/01 Tu Rootha To Main - Asha Bhosle & Amit Kumar - www.downloadming.com.mp3
01 VANSH = AAKE TERI BAHON MEIN .mp3,https://yahvtknxmmanxaepxzry.supabase.co/storage/v1/object/public/music/01 VANSH = AAKE TERI BAHON MEIN .mp3
01 Yeh Vaada Raha - www.downloadming.com.mp3,https://yahvtknxmmanxaepxzry.supabase.co/storage/v1/object/public/music/01 Yeh Vaada Raha - www.downloadming.com.mp3
01__RAJA_KISI DIN BANUNGI MAIN RAJ.mp3,https://yahvtknxmmanxaepxzry.supabase.co/storage/v1/object/public/music/01__RAJA_KISI DIN BANUNGI MAIN RAJ.mp3
010  BOBBY - ANKHIYO KO REHNE DO.MP3,https://yahvtknxmmanxaepxzry.supabase.co/storage/v1/object/public/music/010  BOBBY - ANKHIYO KO REHNE DO.MP3
011  DIL HAI KE MANTA NAHIN - TU PYAR HAI.mp3,https://yahvtknxmmanxaepxzry.supabase.co/storage/v1/object/public/music/011  DIL HAI KE MANTA NAHIN - TU PYAR HAI.mp3
012  PHOOL AUR KAANTE - DHEERE DHEERE PYAR.mp3,https://yahvtknxmmanxaepxzry.supabase.co/storage/v1/object/public/music/012  PHOOL AUR KAANTE - DHEERE DHEERE PYAR.mp3
017  ROMANCE - AAYI AAYI TERI YAAD AAYI.mp3,https://yahvtknxmmanxaepxzry.supabase.co/storage/v1/object/public/music/017  ROMANCE - AAYI AAYI TERI YAAD AAYI.mp3
017 DHARAM KARAM = EK DIN BIK JAYEGA.mp3,https://yahvtknxmmanxaepxzry.supabase.co/storage/v1/object/public/music/017 DHARAM KARAM = EK DIN BIK JAYEGA.mp3
02 - woh lamhe woh baaten.mp3,https://yahvtknxmmanxaepxzry.supabase.co/storage/v1/object/public/music/02 - woh lamhe woh baaten.mp3
025  AASHIQUI - AB TERE BIN (1).mp3,https://yahvtknxmmanxaepxzry.supabase.co/storage/v1/object/public/music/025  AASHIQUI - AB TERE BIN (1).mp3
025  AASHIQUI - AB TERE BIN.mp3,https://yahvtknxmmanxaepxzry.supabase.co/storage/v1/object/public/music/025  AASHIQUI - AB TERE BIN.mp3
026  ANADI - JAANE JA.MP3,https://yahvtknxmmanxaepxzry.supabase.co/storage/v1/object/public/music/026  ANADI - JAANE JA.MP3
03 - Jaadu Hai Tera Hi Jaadu - www.downloadming.com.mp3,https://yahvtknxmmanxaepxzry.supabase.co/storage/v1/object/public/music/03 - Jaadu Hai Tera Hi Jaadu - www.downloadming.com.mp3
03 - O Manchali Kahan Chali-(MyMp3Singer.net).mp3,https://yahvtknxmmanxaepxzry.supabase.co/storage/v1/object/public/music/03 - O Manchali Kahan Chali-(MyMp3Singer.net).mp3
03 Bheega Bheega Pyaara Pyaara - Amit Kumar & Asha Bhosle - www.downloadming.com.mp3,https://yahvtknxmmanxaepxzry.supabase.co/storage/v1/object/public/music/03 Bheega Bheega Pyaara Pyaara - Amit Kumar & Asha Bhosle - www.downloadming.com.mp3
03 Mein Teri Mohabbat Mein - www.downloadming.com.mp3,https://yahvtknxmmanxaepxzry.supabase.co/storage/v1/object/public/music/03 Mein Teri Mohabbat Mein - www.downloadming.com.mp3
031  SADAK - JAB JAB PYAR PE.mp3,https://yahvtknxmmanxaepxzry.supabase.co/storage/v1/object/public/music/031  SADAK - JAB JAB PYAR PE.mp3
04 Sara Zamana - www.downloadming.com.mp3,https://yahvtknxmmanxaepxzry.supabase.co/storage/v1/object/public/music/04 Sara Zamana - www.downloadming.com.mp3
04_TU SHAYAR HAI.mp3,https://yahvtknxmmanxaepxzry.supabase.co/storage/v1/object/public/music/04_TU SHAYAR HAI.mp3
044 JULIE = BHUL GAYA SAB KUCH.mp3,https://yahvtknxmmanxaepxzry.supabase.co/storage/v1/object/public/music/044 JULIE = BHUL GAYA SAB KUCH.mp3
049. AGAR TUM NA HOTE - TITLE SONG (1).mp3,https://yahvtknxmmanxaepxzry.supabase.co/storage/v1/object/public/music/049. AGAR TUM NA HOTE - TITLE SONG (1).mp3
049. AGAR TUM NA HOTE - TITLE SONG.mp3,https://yahvtknxmmanxaepxzry.supabase.co/storage/v1/object/public/music/049. AGAR TUM NA HOTE - TITLE SONG.mp3
06 - Towel Mein Bahar Jaogi-(MyMp3Singer.net).mp3,https://yahvtknxmmanxaepxzry.supabase.co/storage/v1/object/public/music/06 - Towel Mein Bahar Jaogi-(MyMp3Singer.net).mp3
06 Tirchi Topiwale - II - www.downloadming.com.mp3,https://yahvtknxmmanxaepxzry.supabase.co/storage/v1/object/public/music/06 Tirchi Topiwale - II - www.downloadming.com.mp3
06. Phool Aur Angaar-Chori Chori Dil Tera.mp3,https://yahvtknxmmanxaepxzry.supabase.co/storage/v1/object/public/music/06. Phool Aur Angaar-Chori Chori Dil Tera.mp3
07 An Evening In Paris - www.downloadming.com.mp3,https://yahvtknxmmanxaepxzry.supabase.co/storage/v1/object/public/music/07 An Evening In Paris - www.downloadming.com.mp3
07 Toone_O_Rangeele - www.downloadming.com.mp3,https://yahvtknxmmanxaepxzry.supabase.co/storage/v1/object/public/music/07 Toone_O_Rangeele - www.downloadming.com.mp3
07. Dalaal - Chori Chori Maine.mp3,https://yahvtknxmmanxaepxzry.supabase.co/storage/v1/object/public/music/07. Dalaal - Chori Chori Maine.mp3
08 Suhaana Safar Aur Yeh Mausam - Mukesh - www.downloadming.com.mp3,https://yahvtknxmmanxaepxzry.supabase.co/storage/v1/object/public/music/08 Suhaana Safar Aur Yeh Mausam - Mukesh - www.downloadming.com.mp3
08. Aadmi - Dhak Dhak Dil Mera.mp3,https://yahvtknxmmanxaepxzry.supabase.co/storage/v1/object/public/music/08. Aadmi - Dhak Dhak Dil Mera.mp3
09. Janta Ki Adalat - Hum Bhi Pagal.mp3,https://yahvtknxmmanxaepxzry.supabase.co/storage/v1/object/public/music/09. Janta Ki Adalat - Hum Bhi Pagal.mp3
090. CHALTE CHALTE - TITLE SONG (1).mp3,https://yahvtknxmmanxaepxzry.supabase.co/storage/v1/object/public/music/090. CHALTE CHALTE - TITLE SONG (1).mp3
090. CHALTE CHALTE - TITLE SONG.mp3,https://yahvtknxmmanxaepxzry.supabase.co/storage/v1/object/public/music/090. CHALTE CHALTE - TITLE SONG.mp3
10. Ravan Raaj - O Sanam O Sanam.mp3,https://yahvtknxmmanxaepxzry.supabase.co/storage/v1/object/public/music/10. Ravan Raaj - O Sanam O Sanam.mp3
13 Janta Ki Adalat - Hum Bhi Pagal.mp3,https://yahvtknxmmanxaepxzry.supabase.co/storage/v1/object/public/music/13 Janta Ki Adalat - Hum Bhi Pagal.mp3
2 MIT- Suna Suna.mp3,https://yahvtknxmmanxaepxzry.supabase.co/storage/v1/object/public/music/2 MIT- Suna Suna.mp3
22. Cheetah - Yeh Tera Sajna.mp3,https://yahvtknxmmanxaepxzry.supabase.co/storage/v1/object/public/music/22. Cheetah - Yeh Tera Sajna.mp3
23. Aadmi - Dil Tere Naam Se.mp3,https://yahvtknxmmanxaepxzry.supabase.co/storage/v1/object/public/music/23. Aadmi - Dil Tere Naam Se.mp3
3 A MERE HAMSAFAR.MP3,https://yahvtknxmmanxaepxzry.supabase.co/storage/v1/object/public/music/3 A MERE HAMSAFAR.MP3
34. Janta Ki Adalat - Dil Dhadkane Ka.mp3,https://yahvtknxmmanxaepxzry.supabase.co/storage/v1/object/public/music/34. Janta Ki Adalat - Dil Dhadkane Ka.mp3
4 Raah Main Unse Mulakat.MP3,https://yahvtknxmmanxaepxzry.supabase.co/storage/v1/object/public/music/4 Raah Main Unse Mulakat.MP3
41. Trinetra - Main Tujhe Chhod Ke Kahan Jaunga.mp3,https://yahvtknxmmanxaepxzry.supabase.co/storage/v1/object/public/music/41. Trinetra - Main Tujhe Chhod Ke Kahan Jaunga.mp3
45. Suraj - Kabutari Bole Kabutarse.mp3,https://yahvtknxmmanxaepxzry.supabase.co/storage/v1/object/public/music/45. Suraj - Kabutari Bole Kabutarse.mp3
47. Jung - Deewana Deewana.mp3,https://yahvtknxmmanxaepxzry.supabase.co/storage/v1/object/public/music/47. Jung - Deewana Deewana.mp3
5 Maang Teri Saja Doon.mp3,https://yahvtknxmmanxaepxzry.supabase.co/storage/v1/object/public/music/5 Maang Teri Saja Doon.mp3
56. Aadmi - Jaan Se Badhkar.mp3,https://yahvtknxmmanxaepxzry.supabase.co/storage/v1/object/public/music/56. Aadmi - Jaan Se Badhkar.mp3
6 Jo bhi kasmein.mp3,https://yahvtknxmmanxaepxzry.supabase.co/storage/v1/object/public/music/6 Jo bhi kasmein.mp3
9 Ye mera dil pyar ka deewana.mp3,https://yahvtknxmmanxaepxzry.supabase.co/storage/v1/object/public/music/9 Ye mera dil pyar ka deewana.mp3
Aa Dekhe Zara (Remix)-Dj SachinRaag.Me.mp3,https://yahvtknxmmanxaepxzry.supabase.co/storage/v1/object/public/music/Aa Dekhe Zara (Remix)-Dj SachinRaag.Me.mp3
Aa Jaane Jaan - Revival(MyMp3Song).mp3,https://yahvtknxmmanxaepxzry.supabase.co/storage/v1/object/public/music/Aa Jaane Jaan - Revival(MyMp3Song).mp3
Aa Meri Jaan Main Tujhe Apni-Lata MangeshkarRaag.Me.mp3,https://yahvtknxmmanxaepxzry.supabase.co/storage/v1/object/public/music/Aa Meri Jaan Main Tujhe Apni-Lata MangeshkarRaag.Me.mp3
Aaiye Meharban (Howrah Bidge)-Asha Bhosle 48 Raag.Me.mp3,https://yahvtknxmmanxaepxzry.supabase.co/storage/v1/object/public/music/Aaiye Meharban (Howrah Bidge)-Asha Bhosle 48 Raag.Me.mp3
Aaj Ki Mulaqat Bas Itni (Bharosa)-Mahendra KapoorRaag.Me.mp3,https://yahvtknxmmanxaepxzry.supabase.co/storage/v1/object/public/music/Aaj Ki Mulaqat Bas Itni (Bharosa)-Mahendra KapoorRaag.Me.mp3
Aaj Madhosh Hua Jaye-Kishore KumarRaag.Me.mp3,https://yahvtknxmmanxaepxzry.supabase.co/storage/v1/object/public/music/Aaj Madhosh Hua Jaye-Kishore KumarRaag.Me.mp3
Aaj Main Upar-Kumar SanuRaag.Me.mp3,https://yahvtknxmmanxaepxzry.supabase.co/storage/v1/object/public/music/Aaj Main Upar-Kumar SanuRaag.Me.mp3
Aajkal Tere Mere Pyar Ke Charche(MyMp3Song).mp3,https://yahvtknxmmanxaepxzry.supabase.co/storage/v1/object/public/music/Aajkal Tere Mere Pyar Ke Charche(MyMp3Song).mp3
bin tere sanam.mp3,https://yahvtknxmmanxaepxzry.supabase.co/storage/v1/object/public/music/bin tere sanam.mp3
bulla ki jana.mp3,https://yahvtknxmmanxaepxzry.supabase.co/storage/v1/object/public/music/bulla ki jana.mp3
Chadhti Jawani Meri Chal Mastani-Lata MangeshkarRaag.Me.mp3,https://yahvtknxmmanxaepxzry.supabase.co/storage/v1/object/public/music/Chadhti Jawani Meri Chal Mastani-Lata MangeshkarRaag.Me.mp3
Chura Liya Hai-Mohammed RafiRaag.Me.mp3,https://yahvtknxmmanxaepxzry.supabase.co/storage/v1/object/public/music/Chura Liya Hai-Mohammed RafiRaag.Me.mp3
DILBAR DIL.mp3,https://yahvtknxmmanxaepxzry.supabase.co/storage/v1/object/public/music/DILBAR DIL.mp3
Duppatta.mp3,https://yahvtknxmmanxaepxzry.supabase.co/storage/v1/object/public/music/Duppatta.mp3
Is Tarah Aashiqui Ka - www.downloadming.com.mp3,https://yahvtknxmmanxaepxzry.supabase.co/storage/v1/object/public/music/Is Tarah Aashiqui Ka - www.downloadming.com.mp3
kiya kiya.mp3,https://yahvtknxmmanxaepxzry.supabase.co/storage/v1/object/public/music/kiya kiya.mp3
Suno Naa.mp3,https://yahvtknxmmanxaepxzry.supabase.co/storage/v1/object/public/music/Suno Naa.mp3
Yaar Bina Chain Kaha Re Remix-(Mr-Jatt.com).mp3,https://yahvtknxmmanxaepxzry.supabase.co/storage/v1/object/public/music/Yaar Bina Chain Kaha Re Remix-(Mr-Jatt.com).mp3
Yeh Shaam Mastani-Kishore KumarRaag.Me.mp3,https://yahvtknxmmanxaepxzry.supabase.co/storage/v1/object/public/music/Yeh Shaam Mastani-Kishore KumarRaag.Me.mp3